{"cameraMode":{"drawMode":0,"name":"Shaded","section":"Shading Mode"},"sceneLighting":true,"audioPlay":false,"sceneViewState":{"m_AlwaysRefresh":false,"showFog":true,"showSkybox":true,"showFlares":true,"showImageEffects":true,"showParticleSystems":true,"showVisualEffectGraphs":true,"m_FxEnabled":true},"in2DMode":false,"pivot":{"x":0.9191080331802368,"y":4.0919904708862309,"z":-3.138641119003296},"rotation":{"x":0.3186477720737457,"y":-0.011702275834977627,"z":0.00386446388438344,"w":0.9478346109390259},"size":1.7575218677520753,"orthographic":false}